term,df,sumsq,meansq,statistic,p.value
species,2,62.32774852759883,31.163874263799414,116.83031552991945,5.033640640472267e-31
Residuals,146,38.94473469387755,0.26674475817724347,NA,NA
